{
  "session_id": "demo_backyard_ultra",
  "athletes": [
    {
      "athlete_id": "runner_brandon",
      "name": "Brandon",
      "crew": "SUC",
      "tier": "vip",
      "laps": 8
    },
    {
      "athlete_id": "runner_emily",
      "name": "Emily",
      "crew": "Trail Blazers",
      "tier": "standard",
      "laps": 8
    }
  ],
  "events": [
    {
      "event_id": "evt_1758180297921",
      "overlay_type": "lap_update",
      "athlete_ids": [
        "runner_emily"
      ],
      "priority": 5,
      "timestamp": 1758180297921
    },
    {
      "event_id": "evt_1758180302925",
      "overlay_type": "lap_update",
      "athlete_ids": [
        "runner_brandon"
      ],
      "priority": 5,
      "timestamp": 1758180302925
    },
    {
      "event_id": "evt_1758180307929",
      "overlay_type": "lap_update",
      "athlete_ids": [
        "runner_emily"
      ],
      "priority": 5,
      "timestamp": 1758180307929
    },
    {
      "event_id": "evt_1758180312932",
      "overlay_type": "lap_update",
      "athlete_ids": [
        "runner_brandon"
      ],
      "priority": 5,
      "timestamp": 1758180312932
    },
    {
      "event_id": "evt_1758180317932",
      "overlay_type": "lap_update",
      "athlete_ids": [
        "runner_emily"
      ],
      "priority": 5,
      "timestamp": 1758180317932
    },
    {
      "event_id": "evt_1758180322940",
      "overlay_type": "lap_update",
      "athlete_ids": [
        "runner_brandon"
      ],
      "priority": 5,
      "timestamp": 1758180322940
    },
    {
      "event_id": "evt_1758180327952",
      "overlay_type": "lap_update",
      "athlete_ids": [
        "runner_emily"
      ],
      "priority": 5,
      "timestamp": 1758180327952
    },
    {
      "event_id": "evt_1758180332967",
      "overlay_type": "lap_update",
      "athlete_ids": [
        "runner_brandon"
      ],
      "priority": 5,
      "timestamp": 1758180332967
    },
    {
      "event_id": "evt_1758180337975",
      "overlay_type": "lap_update",
      "athlete_ids": [
        "runner_emily"
      ],
      "priority": 5,
      "timestamp": 1758180337975
    },
    {
      "event_id": "evt_1758180342984",
      "overlay_type": "lap_update",
      "athlete_ids": [
        "runner_brandon"
      ],
      "priority": 5,
      "timestamp": 1758180342984
    },
    {
      "event_id": "evt_1758180348031",
      "overlay_type": "lap_update",
      "athlete_ids": [
        "runner_emily"
      ],
      "priority": 5,
      "timestamp": 1758180348031
    },
    {
      "event_id": "evt_1758180353046",
      "overlay_type": "lap_update",
      "athlete_ids": [
        "runner_brandon"
      ],
      "priority": 5,
      "timestamp": 1758180353046
    },
    {
      "event_id": "evt_1758180358063",
      "overlay_type": "lap_update",
      "athlete_ids": [
        "runner_emily"
      ],
      "priority": 5,
      "timestamp": 1758180358063
    },
    {
      "event_id": "evt_1758180363087",
      "overlay_type": "lap_update",
      "athlete_ids": [
        "runner_brandon"
      ],
      "priority": 5,
      "timestamp": 1758180363087
    },
    {
      "event_id": "evt_1758180368089",
      "overlay_type": "lap_update",
      "athlete_ids": [
        "runner_emily"
      ],
      "priority": 5,
      "timestamp": 1758180368089
    },
    {
      "event_id": "evt_1758180373093",
      "overlay_type": "lap_update",
      "athlete_ids": [
        "runner_brandon"
      ],
      "priority": 5,
      "timestamp": 1758180373093
    },
    {
      "event_id": "evt_1758180378095",
      "overlay_type": "lap_update",
      "athlete_ids": [
        "runner_emily"
      ],
      "priority": 5,
      "timestamp": 1758180378095
    },
    {
      "event_id": "evt_1758180383107",
      "overlay_type": "lap_update",
      "athlete_ids": [
        "runner_brandon"
      ],
      "priority": 5,
      "timestamp": 1758180383107
    },
    {
      "event_id": "evt_1758180388116",
      "overlay_type": "lap_update",
      "athlete_ids": [
        "runner_emily"
      ],
      "priority": 5,
      "timestamp": 1758180388116
    },
    {
      "event_id": "evt_1758180393130",
      "overlay_type": "lap_update",
      "athlete_ids": [
        "runner_brandon"
      ],
      "priority": 5,
      "timestamp": 1758180393130
    },
    {
      "event_id": "evt_1758180398135",
      "overlay_type": "lap_update",
      "athlete_ids": [
        "runner_emily"
      ],
      "priority": 5,
      "timestamp": 1758180398135
    },
    {
      "event_id": "evt_1758180403139",
      "overlay_type": "lap_update",
      "athlete_ids": [
        "runner_brandon"
      ],
      "priority": 5,
      "timestamp": 1758180403139
    },
    {
      "event_id": "evt_1758180408146",
      "overlay_type": "lap_update",
      "athlete_ids": [
        "runner_emily"
      ],
      "priority": 5,
      "timestamp": 1758180408146
    },
    {
      "event_id": "evt_1758180413151",
      "overlay_type": "lap_update",
      "athlete_ids": [
        "runner_brandon"
      ],
      "priority": 5,
      "timestamp": 1758180413151
    },
    {
      "event_id": "evt_1758180418160",
      "overlay_type": "lap_update",
      "athlete_ids": [
        "runner_emily"
      ],
      "priority": 5,
      "timestamp": 1758180418160
    },
    {
      "event_id": "evt_1758180423163",
      "overlay_type": "lap_update",
      "athlete_ids": [
        "runner_brandon"
      ],
      "priority": 5,
      "timestamp": 1758180423163
    },
    {
      "event_id": "evt_1758180428164",
      "overlay_type": "lap_update",
      "athlete_ids": [
        "runner_emily"
      ],
      "priority": 5,
      "timestamp": 1758180428164
    },
    {
      "event_id": "evt_1758180433169",
      "overlay_type": "lap_update",
      "athlete_ids": [
        "runner_brandon"
      ],
      "priority": 5,
      "timestamp": 1758180433169
    },
    {
      "event_id": "evt_1758180438173",
      "overlay_type": "lap_update",
      "athlete_ids": [
        "runner_emily"
      ],
      "priority": 5,
      "timestamp": 1758180438173
    },
    {
      "event_id": "evt_1758180443180",
      "overlay_type": "lap_update",
      "athlete_ids": [
        "runner_brandon"
      ],
      "priority": 5,
      "timestamp": 1758180443180
    },
    {
      "event_id": "evt_1758180448303",
      "overlay_type": "lap_update",
      "athlete_ids": [
        "runner_emily"
      ],
      "priority": 5,
      "timestamp": 1758180448303
    },
    {
      "event_id": "evt_1758180453311",
      "overlay_type": "lap_update",
      "athlete_ids": [
        "runner_brandon"
      ],
      "priority": 5,
      "timestamp": 1758180453311
    },
    {
      "event_id": "evt_1758180458327",
      "overlay_type": "lap_update",
      "athlete_ids": [
        "runner_emily"
      ],
      "priority": 5,
      "timestamp": 1758180458327
    },
    {
      "event_id": "evt_1758180463368",
      "overlay_type": "lap_update",
      "athlete_ids": [
        "runner_brandon"
      ],
      "priority": 5,
      "timestamp": 1758180463368
    },
    {
      "event_id": "evt_1758180468372",
      "overlay_type": "lap_update",
      "athlete_ids": [
        "runner_emily"
      ],
      "priority": 5,
      "timestamp": 1758180468372
    },
    {
      "event_id": "evt_1758180473375",
      "overlay_type": "lap_update",
      "athlete_ids": [
        "runner_brandon"
      ],
      "priority": 5,
      "timestamp": 1758180473376
    },
    {
      "event_id": "evt_1758180478377",
      "overlay_type": "lap_update",
      "athlete_ids": [
        "runner_emily"
      ],
      "priority": 5,
      "timestamp": 1758180478377
    },
    {
      "event_id": "evt_1758180483387",
      "overlay_type": "lap_update",
      "athlete_ids": [
        "runner_brandon"
      ],
      "priority": 5,
      "timestamp": 1758180483387
    },
    {
      "event_id": "evt_1758180488393",
      "overlay_type": "lap_update",
      "athlete_ids": [
        "runner_emily"
      ],
      "priority": 5,
      "timestamp": 1758180488393
    },
    {
      "event_id": "evt_1758180493400",
      "overlay_type": "lap_update",
      "athlete_ids": [
        "runner_brandon"
      ],
      "priority": 5,
      "timestamp": 1758180493400
    },
    {
      "event_id": "evt_1758180498406",
      "overlay_type": "lap_update",
      "athlete_ids": [
        "runner_emily"
      ],
      "priority": 5,
      "timestamp": 1758180498406
    },
    {
      "event_id": "evt_1758180503410",
      "overlay_type": "lap_update",
      "athlete_ids": [
        "runner_brandon"
      ],
      "priority": 5,
      "timestamp": 1758180503410
    },
    {
      "event_id": "evt_1758180508427",
      "overlay_type": "lap_update",
      "athlete_ids": [
        "runner_emily"
      ],
      "priority": 5,
      "timestamp": 1758180508427
    },
    {
      "event_id": "evt_1758180513427",
      "overlay_type": "lap_update",
      "athlete_ids": [
        "runner_brandon"
      ],
      "priority": 5,
      "timestamp": 1758180513427
    },
    {
      "event_id": "evt_1758180518439",
      "overlay_type": "lap_update",
      "athlete_ids": [
        "runner_emily"
      ],
      "priority": 5,
      "timestamp": 1758180518440
    },
    {
      "event_id": "evt_1758180523452",
      "overlay_type": "lap_update",
      "athlete_ids": [
        "runner_brandon"
      ],
      "priority": 5,
      "timestamp": 1758180523452
    },
    {
      "event_id": "evt_1758180528453",
      "overlay_type": "lap_update",
      "athlete_ids": [
        "runner_emily"
      ],
      "priority": 5,
      "timestamp": 1758180528453
    },
    {
      "event_id": "evt_1758180533454",
      "overlay_type": "lap_update",
      "athlete_ids": [
        "runner_brandon"
      ],
      "priority": 5,
      "timestamp": 1758180533454
    },
    {
      "event_id": "evt_1758180538462",
      "overlay_type": "lap_update",
      "athlete_ids": [
        "runner_emily"
      ],
      "priority": 5,
      "timestamp": 1758180538462
    },
    {
      "event_id": "evt_1758180543502",
      "overlay_type": "lap_update",
      "athlete_ids": [
        "runner_brandon"
      ],
      "priority": 5,
      "timestamp": 1758180543502
    },
    {
      "event_id": "evt_1758180548507",
      "overlay_type": "lap_update",
      "athlete_ids": [
        "runner_emily"
      ],
      "priority": 5,
      "timestamp": 1758180548507
    },
    {
      "event_id": "evt_1758180553558",
      "overlay_type": "lap_update",
      "athlete_ids": [
        "runner_brandon"
      ],
      "priority": 5,
      "timestamp": 1758180553558
    },
    {
      "event_id": "evt_1758180558561",
      "overlay_type": "lap_update",
      "athlete_ids": [
        "runner_emily"
      ],
      "priority": 5,
      "timestamp": 1758180558561
    },
    {
      "event_id": "evt_1758180563564",
      "overlay_type": "lap_update",
      "athlete_ids": [
        "runner_brandon"
      ],
      "priority": 5,
      "timestamp": 1758180563564
    },
    {
      "event_id": "evt_1758180568589",
      "overlay_type": "lap_update",
      "athlete_ids": [
        "runner_emily"
      ],
      "priority": 5,
      "timestamp": 1758180568589
    },
    {
      "event_id": "evt_1758180573593",
      "overlay_type": "lap_update",
      "athlete_ids": [
        "runner_brandon"
      ],
      "priority": 5,
      "timestamp": 1758180573593
    },
    {
      "event_id": "evt_1758180578596",
      "overlay_type": "lap_update",
      "athlete_ids": [
        "runner_emily"
      ],
      "priority": 5,
      "timestamp": 1758180578596
    },
    {
      "event_id": "evt_1758180583608",
      "overlay_type": "lap_update",
      "athlete_ids": [
        "runner_brandon"
      ],
      "priority": 5,
      "timestamp": 1758180583608
    },
    {
      "event_id": "evt_1758180588625",
      "overlay_type": "lap_update",
      "athlete_ids": [
        "runner_emily"
      ],
      "priority": 5,
      "timestamp": 1758180588625
    },
    {
      "event_id": "evt_1758180593630",
      "overlay_type": "lap_update",
      "athlete_ids": [
        "runner_brandon"
      ],
      "priority": 5,
      "timestamp": 1758180593630
    },
    {
      "event_id": "evt_1758180598637",
      "overlay_type": "lap_update",
      "athlete_ids": [
        "runner_emily"
      ],
      "priority": 5,
      "timestamp": 1758180598637
    },
    {
      "event_id": "evt_1758180603640",
      "overlay_type": "lap_update",
      "athlete_ids": [
        "runner_brandon"
      ],
      "priority": 5,
      "timestamp": 1758180603640
    },
    {
      "event_id": "evt_1758180608641",
      "overlay_type": "lap_update",
      "athlete_ids": [
        "runner_emily"
      ],
      "priority": 5,
      "timestamp": 1758180608642
    },
    {
      "event_id": "evt_1758180613656",
      "overlay_type": "lap_update",
      "athlete_ids": [
        "runner_brandon"
      ],
      "priority": 5,
      "timestamp": 1758180613656
    },
    {
      "event_id": "evt_1758180618656",
      "overlay_type": "lap_update",
      "athlete_ids": [
        "runner_emily"
      ],
      "priority": 5,
      "timestamp": 1758180618656
    },
    {
      "event_id": "evt_1758180623660",
      "overlay_type": "lap_update",
      "athlete_ids": [
        "runner_brandon"
      ],
      "priority": 5,
      "timestamp": 1758180623660
    },
    {
      "event_id": "evt_1758180628666",
      "overlay_type": "lap_update",
      "athlete_ids": [
        "runner_emily"
      ],
      "priority": 5,
      "timestamp": 1758180628666
    },
    {
      "event_id": "evt_1758180633707",
      "overlay_type": "lap_update",
      "athlete_ids": [
        "runner_brandon"
      ],
      "priority": 5,
      "timestamp": 1758180633707
    },
    {
      "event_id": "evt_1758180638717",
      "overlay_type": "lap_update",
      "athlete_ids": [
        "runner_emily"
      ],
      "priority": 5,
      "timestamp": 1758180638717
    },
    {
      "event_id": "evt_1758180643728",
      "overlay_type": "lap_update",
      "athlete_ids": [
        "runner_brandon"
      ],
      "priority": 5,
      "timestamp": 1758180643728
    },
    {
      "event_id": "evt_1758180648731",
      "overlay_type": "lap_update",
      "athlete_ids": [
        "runner_emily"
      ],
      "priority": 5,
      "timestamp": 1758180648731
    },
    {
      "event_id": "evt_1758180653734",
      "overlay_type": "lap_update",
      "athlete_ids": [
        "runner_brandon"
      ],
      "priority": 5,
      "timestamp": 1758180653734
    },
    {
      "event_id": "evt_1758180658748",
      "overlay_type": "lap_update",
      "athlete_ids": [
        "runner_emily"
      ],
      "priority": 5,
      "timestamp": 1758180658748
    },
    {
      "event_id": "evt_1758180663757",
      "overlay_type": "lap_update",
      "athlete_ids": [
        "runner_brandon"
      ],
      "priority": 5,
      "timestamp": 1758180663757
    },
    {
      "event_id": "evt_1758180668766",
      "overlay_type": "lap_update",
      "athlete_ids": [
        "runner_emily"
      ],
      "priority": 5,
      "timestamp": 1758180668766
    },
    {
      "event_id": "evt_1758180673772",
      "overlay_type": "lap_update",
      "athlete_ids": [
        "runner_brandon"
      ],
      "priority": 5,
      "timestamp": 1758180673772
    },
    {
      "event_id": "evt_1758180678774",
      "overlay_type": "lap_update",
      "athlete_ids": [
        "runner_emily"
      ],
      "priority": 5,
      "timestamp": 1758180678774
    },
    {
      "event_id": "evt_1758180683797",
      "overlay_type": "lap_update",
      "athlete_ids": [
        "runner_brandon"
      ],
      "priority": 5,
      "timestamp": 1758180683797
    },
    {
      "event_id": "evt_1758180688809",
      "overlay_type": "lap_update",
      "athlete_ids": [
        "runner_emily"
      ],
      "priority": 5,
      "timestamp": 1758180688809
    },
    {
      "event_id": "evt_1758180693813",
      "overlay_type": "lap_update",
      "athlete_ids": [
        "runner_brandon"
      ],
      "priority": 5,
      "timestamp": 1758180693813
    },
    {
      "event_id": "evt_1758180698840",
      "overlay_type": "lap_update",
      "athlete_ids": [
        "runner_emily"
      ],
      "priority": 5,
      "timestamp": 1758180698840
    },
    {
      "event_id": "evt_1758180703869",
      "overlay_type": "lap_update",
      "athlete_ids": [
        "runner_brandon"
      ],
      "priority": 5,
      "timestamp": 1758180703869
    },
    {
      "event_id": "evt_1758180708879",
      "overlay_type": "lap_update",
      "athlete_ids": [
        "runner_emily"
      ],
      "priority": 5,
      "timestamp": 1758180708879
    },
    {
      "event_id": "evt_1758180713883",
      "overlay_type": "lap_update",
      "athlete_ids": [
        "runner_brandon"
      ],
      "priority": 5,
      "timestamp": 1758180713883
    },
    {
      "event_id": "evt_1758180718892",
      "overlay_type": "lap_update",
      "athlete_ids": [
        "runner_emily"
      ],
      "priority": 5,
      "timestamp": 1758180718892
    },
    {
      "event_id": "evt_1758180723894",
      "overlay_type": "lap_update",
      "athlete_ids": [
        "runner_brandon"
      ],
      "priority": 5,
      "timestamp": 1758180723894
    },
    {
      "event_id": "evt_1758180728900",
      "overlay_type": "lap_update",
      "athlete_ids": [
        "runner_emily"
      ],
      "priority": 5,
      "timestamp": 1758180728900
    },
    {
      "event_id": "evt_1758180733905",
      "overlay_type": "lap_update",
      "athlete_ids": [
        "runner_brandon"
      ],
      "priority": 5,
      "timestamp": 1758180733905
    },
    {
      "event_id": "evt_1758180738908",
      "overlay_type": "lap_update",
      "athlete_ids": [
        "runner_emily"
      ],
      "priority": 5,
      "timestamp": 1758180738908
    },
    {
      "event_id": "evt_1758180743919",
      "overlay_type": "lap_update",
      "athlete_ids": [
        "runner_brandon"
      ],
      "priority": 5,
      "timestamp": 1758180743919
    },
    {
      "event_id": "evt_1758180748928",
      "overlay_type": "lap_update",
      "athlete_ids": [
        "runner_emily"
      ],
      "priority": 5,
      "timestamp": 1758180748928
    },
    {
      "event_id": "evt_1758180753938",
      "overlay_type": "lap_update",
      "athlete_ids": [
        "runner_brandon"
      ],
      "priority": 5,
      "timestamp": 1758180753938
    },
    {
      "event_id": "evt_1758180758945",
      "overlay_type": "lap_update",
      "athlete_ids": [
        "runner_emily"
      ],
      "priority": 5,
      "timestamp": 1758180758945
    },
    {
      "event_id": "evt_1758180763953",
      "overlay_type": "lap_update",
      "athlete_ids": [
        "runner_brandon"
      ],
      "priority": 5,
      "timestamp": 1758180763953
    },
    {
      "event_id": "evt_1758180768953",
      "overlay_type": "lap_update",
      "athlete_ids": [
        "runner_emily"
      ],
      "priority": 5,
      "timestamp": 1758180768953
    },
    {
      "event_id": "evt_1758180773959",
      "overlay_type": "lap_update",
      "athlete_ids": [
        "runner_brandon"
      ],
      "priority": 5,
      "timestamp": 1758180773959
    },
    {
      "event_id": "evt_1758180778965",
      "overlay_type": "lap_update",
      "athlete_ids": [
        "runner_emily"
      ],
      "priority": 5,
      "timestamp": 1758180778965
    },
    {
      "event_id": "evt_1758180783970",
      "overlay_type": "lap_update",
      "athlete_ids": [
        "runner_brandon"
      ],
      "priority": 5,
      "timestamp": 1758180783970
    },
    {
      "event_id": "evt_1758180788972",
      "overlay_type": "lap_update",
      "athlete_ids": [
        "runner_emily"
      ],
      "priority": 5,
      "timestamp": 1758180788972
    },
    {
      "event_id": "evt_1758180793982",
      "overlay_type": "lap_update",
      "athlete_ids": [
        "runner_brandon"
      ],
      "priority": 5,
      "timestamp": 1758180793982
    },
    {
      "event_id": "evt_1758180798994",
      "overlay_type": "lap_update",
      "athlete_ids": [
        "runner_emily"
      ],
      "priority": 5,
      "timestamp": 1758180798994
    },
    {
      "event_id": "evt_1758180804010",
      "overlay_type": "lap_update",
      "athlete_ids": [
        "runner_brandon"
      ],
      "priority": 5,
      "timestamp": 1758180804010
    },
    {
      "event_id": "evt_1758180809019",
      "overlay_type": "lap_update",
      "athlete_ids": [
        "runner_emily"
      ],
      "priority": 5,
      "timestamp": 1758180809019
    },
    {
      "event_id": "evt_1758180814031",
      "overlay_type": "lap_update",
      "athlete_ids": [
        "runner_brandon"
      ],
      "priority": 5,
      "timestamp": 1758180814031
    },
    {
      "event_id": "evt_1758180819041",
      "overlay_type": "lap_update",
      "athlete_ids": [
        "runner_emily"
      ],
      "priority": 5,
      "timestamp": 1758180819041
    },
    {
      "event_id": "evt_1758180824042",
      "overlay_type": "lap_update",
      "athlete_ids": [
        "runner_brandon"
      ],
      "priority": 5,
      "timestamp": 1758180824042
    },
    {
      "event_id": "evt_1758180829060",
      "overlay_type": "lap_update",
      "athlete_ids": [
        "runner_emily"
      ],
      "priority": 5,
      "timestamp": 1758180829060
    },
    {
      "event_id": "evt_1758180834072",
      "overlay_type": "lap_update",
      "athlete_ids": [
        "runner_brandon"
      ],
      "priority": 5,
      "timestamp": 1758180834072
    },
    {
      "event_id": "evt_1758180839072",
      "overlay_type": "lap_update",
      "athlete_ids": [
        "runner_emily"
      ],
      "priority": 5,
      "timestamp": 1758180839072
    },
    {
      "event_id": "evt_1758180844076",
      "overlay_type": "lap_update",
      "athlete_ids": [
        "runner_brandon"
      ],
      "priority": 5,
      "timestamp": 1758180844076
    },
    {
      "event_id": "evt_1758180849079",
      "overlay_type": "lap_update",
      "athlete_ids": [
        "runner_emily"
      ],
      "priority": 5,
      "timestamp": 1758180849079
    },
    {
      "event_id": "evt_1758180854091",
      "overlay_type": "lap_update",
      "athlete_ids": [
        "runner_brandon"
      ],
      "priority": 5,
      "timestamp": 1758180854091
    },
    {
      "event_id": "evt_1758180859095",
      "overlay_type": "lap_update",
      "athlete_ids": [
        "runner_emily"
      ],
      "priority": 5,
      "timestamp": 1758180859095
    },
    {
      "event_id": "evt_1758180864109",
      "overlay_type": "lap_update",
      "athlete_ids": [
        "runner_brandon"
      ],
      "priority": 5,
      "timestamp": 1758180864109
    },
    {
      "event_id": "evt_1758180869110",
      "overlay_type": "lap_update",
      "athlete_ids": [
        "runner_emily"
      ],
      "priority": 5,
      "timestamp": 1758180869110
    },
    {
      "event_id": "evt_1758180874124",
      "overlay_type": "lap_update",
      "athlete_ids": [
        "runner_brandon"
      ],
      "priority": 5,
      "timestamp": 1758180874124
    },
    {
      "event_id": "evt_1758180879131",
      "overlay_type": "lap_update",
      "athlete_ids": [
        "runner_emily"
      ],
      "priority": 5,
      "timestamp": 1758180879131
    },
    {
      "event_id": "evt_1758180884136",
      "overlay_type": "lap_update",
      "athlete_ids": [
        "runner_brandon"
      ],
      "priority": 5,
      "timestamp": 1758180884137
    },
    {
      "event_id": "evt_1758180889139",
      "overlay_type": "lap_update",
      "athlete_ids": [
        "runner_emily"
      ],
      "priority": 5,
      "timestamp": 1758180889139
    },
    {
      "event_id": "evt_1758180894150",
      "overlay_type": "lap_update",
      "athlete_ids": [
        "runner_brandon"
      ],
      "priority": 5,
      "timestamp": 1758180894150
    },
    {
      "event_id": "evt_1758180899153",
      "overlay_type": "lap_update",
      "athlete_ids": [
        "runner_emily"
      ],
      "priority": 5,
      "timestamp": 1758180899153
    },
    {
      "event_id": "evt_1758180904155",
      "overlay_type": "lap_update",
      "athlete_ids": [
        "runner_brandon"
      ],
      "priority": 5,
      "timestamp": 1758180904155
    },
    {
      "event_id": "evt_1758180909160",
      "overlay_type": "lap_update",
      "athlete_ids": [
        "runner_emily"
      ],
      "priority": 5,
      "timestamp": 1758180909160
    },
    {
      "event_id": "evt_1758180914168",
      "overlay_type": "lap_update",
      "athlete_ids": [
        "runner_brandon"
      ],
      "priority": 5,
      "timestamp": 1758180914168
    },
    {
      "event_id": "evt_1758180919172",
      "overlay_type": "lap_update",
      "athlete_ids": [
        "runner_emily"
      ],
      "priority": 5,
      "timestamp": 1758180919172
    },
    {
      "event_id": "evt_1758180924177",
      "overlay_type": "lap_update",
      "athlete_ids": [
        "runner_brandon"
      ],
      "priority": 5,
      "timestamp": 1758180924177
    },
    {
      "event_id": "evt_1758180929179",
      "overlay_type": "lap_update",
      "athlete_ids": [
        "runner_emily"
      ],
      "priority": 5,
      "timestamp": 1758180929179
    },
    {
      "event_id": "evt_1758180934186",
      "overlay_type": "lap_update",
      "athlete_ids": [
        "runner_brandon"
      ],
      "priority": 5,
      "timestamp": 1758180934186
    },
    {
      "event_id": "evt_1758180939191",
      "overlay_type": "lap_update",
      "athlete_ids": [
        "runner_emily"
      ],
      "priority": 5,
      "timestamp": 1758180939191
    },
    {
      "event_id": "evt_1758180944196",
      "overlay_type": "lap_update",
      "athlete_ids": [
        "runner_brandon"
      ],
      "priority": 5,
      "timestamp": 1758180944196
    },
    {
      "event_id": "evt_1758180949208",
      "overlay_type": "lap_update",
      "athlete_ids": [
        "runner_emily"
      ],
      "priority": 5,
      "timestamp": 1758180949208
    },
    {
      "event_id": "evt_1758180954269",
      "overlay_type": "lap_update",
      "athlete_ids": [
        "runner_brandon"
      ],
      "priority": 5,
      "timestamp": 1758180954269
    },
    {
      "event_id": "evt_1758180959278",
      "overlay_type": "lap_update",
      "athlete_ids": [
        "runner_emily"
      ],
      "priority": 5,
      "timestamp": 1758180959278
    },
    {
      "event_id": "evt_1758180964293",
      "overlay_type": "lap_update",
      "athlete_ids": [
        "runner_brandon"
      ],
      "priority": 5,
      "timestamp": 1758180964293
    },
    {
      "event_id": "evt_1758180969312",
      "overlay_type": "lap_update",
      "athlete_ids": [
        "runner_emily"
      ],
      "priority": 5,
      "timestamp": 1758180969312
    },
    {
      "event_id": "evt_1758180974326",
      "overlay_type": "lap_update",
      "athlete_ids": [
        "runner_brandon"
      ],
      "priority": 5,
      "timestamp": 1758180974326
    },
    {
      "event_id": "evt_1758180979340",
      "overlay_type": "lap_update",
      "athlete_ids": [
        "runner_emily"
      ],
      "priority": 5,
      "timestamp": 1758180979340
    },
    {
      "event_id": "evt_1758180984356",
      "overlay_type": "lap_update",
      "athlete_ids": [
        "runner_brandon"
      ],
      "priority": 5,
      "timestamp": 1758180984356
    },
    {
      "event_id": "evt_1758180989360",
      "overlay_type": "lap_update",
      "athlete_ids": [
        "runner_emily"
      ],
      "priority": 5,
      "timestamp": 1758180989360
    },
    {
      "event_id": "evt_1758180994376",
      "overlay_type": "lap_update",
      "athlete_ids": [
        "runner_brandon"
      ],
      "priority": 5,
      "timestamp": 1758180994376
    },
    {
      "event_id": "evt_1758180999382",
      "overlay_type": "lap_update",
      "athlete_ids": [
        "runner_emily"
      ],
      "priority": 5,
      "timestamp": 1758180999382
    },
    {
      "event_id": "evt_1758181004393",
      "overlay_type": "lap_update",
      "athlete_ids": [
        "runner_brandon"
      ],
      "priority": 5,
      "timestamp": 1758181004393
    },
    {
      "event_id": "evt_1758181009404",
      "overlay_type": "lap_update",
      "athlete_ids": [
        "runner_emily"
      ],
      "priority": 5,
      "timestamp": 1758181009404
    },
    {
      "event_id": "evt_1758181014421",
      "overlay_type": "lap_update",
      "athlete_ids": [
        "runner_brandon"
      ],
      "priority": 5,
      "timestamp": 1758181014421
    },
    {
      "event_id": "evt_1758181019436",
      "overlay_type": "lap_update",
      "athlete_ids": [
        "runner_emily"
      ],
      "priority": 5,
      "timestamp": 1758181019436
    },
    {
      "event_id": "evt_1758181024437",
      "overlay_type": "lap_update",
      "athlete_ids": [
        "runner_brandon"
      ],
      "priority": 5,
      "timestamp": 1758181024437
    },
    {
      "event_id": "evt_1758181029437",
      "overlay_type": "lap_update",
      "athlete_ids": [
        "runner_emily"
      ],
      "priority": 5,
      "timestamp": 1758181029437
    },
    {
      "event_id": "evt_1758181034439",
      "overlay_type": "lap_update",
      "athlete_ids": [
        "runner_brandon"
      ],
      "priority": 5,
      "timestamp": 1758181034439
    },
    {
      "event_id": "evt_1758181039450",
      "overlay_type": "lap_update",
      "athlete_ids": [
        "runner_emily"
      ],
      "priority": 5,
      "timestamp": 1758181039450
    },
    {
      "event_id": "evt_1758181044463",
      "overlay_type": "lap_update",
      "athlete_ids": [
        "runner_brandon"
      ],
      "priority": 5,
      "timestamp": 1758181044463
    },
    {
      "event_id": "evt_1758181049481",
      "overlay_type": "lap_update",
      "athlete_ids": [
        "runner_emily"
      ],
      "priority": 5,
      "timestamp": 1758181049481
    },
    {
      "event_id": "evt_1758181054487",
      "overlay_type": "lap_update",
      "athlete_ids": [
        "runner_brandon"
      ],
      "priority": 5,
      "timestamp": 1758181054487
    },
    {
      "event_id": "evt_1758181059509",
      "overlay_type": "lap_update",
      "athlete_ids": [
        "runner_emily"
      ],
      "priority": 5,
      "timestamp": 1758181059509
    },
    {
      "event_id": "evt_1758181064511",
      "overlay_type": "lap_update",
      "athlete_ids": [
        "runner_brandon"
      ],
      "priority": 5,
      "timestamp": 1758181064511
    },
    {
      "event_id": "evt_1758181072515",
      "overlay_type": "lap_update",
      "athlete_ids": [
        "runner_emily"
      ],
      "priority": 5,
      "timestamp": 1758181072516
    },
    {
      "event_id": "evt_1758181077530",
      "overlay_type": "lap_update",
      "athlete_ids": [
        "runner_brandon"
      ],
      "priority": 5,
      "timestamp": 1758181077531
    },
    {
      "event_id": "evt_1758181082531",
      "overlay_type": "lap_update",
      "athlete_ids": [
        "runner_emily"
      ],
      "priority": 5,
      "timestamp": 1758181082531
    },
    {
      "event_id": "evt_1758181087542",
      "overlay_type": "lap_update",
      "athlete_ids": [
        "runner_brandon"
      ],
      "priority": 5,
      "timestamp": 1758181087542
    },
    {
      "event_id": "evt_1758181092546",
      "overlay_type": "lap_update",
      "athlete_ids": [
        "runner_emily"
      ],
      "priority": 5,
      "timestamp": 1758181092546
    },
    {
      "event_id": "evt_1758181097548",
      "overlay_type": "lap_update",
      "athlete_ids": [
        "runner_brandon"
      ],
      "priority": 5,
      "timestamp": 1758181097548
    },
    {
      "event_id": "evt_1758181102555",
      "overlay_type": "lap_update",
      "athlete_ids": [
        "runner_emily"
      ],
      "priority": 5,
      "timestamp": 1758181102556
    },
    {
      "event_id": "evt_1758181107562",
      "overlay_type": "lap_update",
      "athlete_ids": [
        "runner_brandon"
      ],
      "priority": 5,
      "timestamp": 1758181107562
    },
    {
      "event_id": "evt_1758181112567",
      "overlay_type": "lap_update",
      "athlete_ids": [
        "runner_emily"
      ],
      "priority": 5,
      "timestamp": 1758181112567
    },
    {
      "event_id": "evt_1758181117570",
      "overlay_type": "lap_update",
      "athlete_ids": [
        "runner_brandon"
      ],
      "priority": 5,
      "timestamp": 1758181117570
    },
    {
      "event_id": "evt_1758181122576",
      "overlay_type": "lap_update",
      "athlete_ids": [
        "runner_emily"
      ],
      "priority": 5,
      "timestamp": 1758181122576
    },
    {
      "event_id": "evt_1758181127579",
      "overlay_type": "lap_update",
      "athlete_ids": [
        "runner_brandon"
      ],
      "priority": 5,
      "timestamp": 1758181127580
    },
    {
      "event_id": "evt_1758181132586",
      "overlay_type": "lap_update",
      "athlete_ids": [
        "runner_emily"
      ],
      "priority": 5,
      "timestamp": 1758181132586
    },
    {
      "event_id": "evt_1758181137600",
      "overlay_type": "lap_update",
      "athlete_ids": [
        "runner_brandon"
      ],
      "priority": 5,
      "timestamp": 1758181137600
    },
    {
      "event_id": "evt_1758181142611",
      "overlay_type": "lap_update",
      "athlete_ids": [
        "runner_emily"
      ],
      "priority": 5,
      "timestamp": 1758181142611
    },
    {
      "event_id": "evt_1758181147617",
      "overlay_type": "lap_update",
      "athlete_ids": [
        "runner_brandon"
      ],
      "priority": 5,
      "timestamp": 1758181147617
    }
  ]
}